sample,frame,family,genus,species,maxn,scientific
POC11001,34533,Balistidae,Abalistes,stellatus,1,Balistidae Abalistes stellatus
POC11001,47108,Carangidae,Carangoides,chrysophrys,4,Carangidae Carangoides chrysophrys
POC11001,107139,Carangidae,Caranx,ignobilis,1,Carangidae Caranx ignobilis
POC11001,57722,Carcharhinidae,Loxodon,macrorhinus,1,Carcharhinidae Loxodon macrorhinus
POC11001,33113,Lethrinidae,Gymnocranius,grandoculis,2,Lethrinidae Gymnocranius grandoculis
POC11001,61934,Lutjanidae,Lutjanus,malabaricus,4,Lutjanidae Lutjanus malabaricus
POC11001,63435,Lutjanidae,Lutjanus,russellii,1,Lutjanidae Lutjanus russellii
POC11001,100788,Lutjanidae,Lutjanus,sebae,2,Lutjanidae Lutjanus sebae
POC11001,41908,Lutjanidae,Lutjanus,vitta,1,Lutjanidae Lutjanus vitta
POC11001,42081,Lutjanidae,Pristipomoides,multidens,1,Lutjanidae Pristipomoides multidens
POC11001,79985,Serranidae,Epinephelus,areolatus,2,Serranidae Epinephelus areolatus
POC11001,90262,Serranidae,Epinephelus,malabaricus,1,Serranidae Epinephelus malabaricus
POC11001,44748,Sparidae,Argyrops,spinifer,4,Sparidae Argyrops spinifer
POC11002,41618,Ariidae,Netuma,thalassina,1,Ariidae Netuma thalassina
POC11002,102594,Balistidae,Abalistes,stellatus,3,Balistidae Abalistes stellatus
POC11002,69379,Carangidae,Carangoides,caeruleopinnatus,1,Carangidae Carangoides caeruleopinnatus
POC11002,31051,Carangidae,Carangoides,chrysophrys,4,Carangidae Carangoides chrysophrys
POC11002,45859,Carangidae,Caranx,ignobilis,1,Carangidae Caranx ignobilis
POC11002,69849,Carcharhinidae,Carcharhinus,coatesi,2,Carcharhinidae Carcharhinus coatesi
POC11002,107824,Echeneidae,Echeneis,naucrates,1,Echeneidae Echeneis naucrates
POC11002,50406,Labridae,Bodianus,solatus,1,Labridae Bodianus solatus
POC11002,55565,Lethrinidae,Gymnocranius,grandoculis,2,Lethrinidae Gymnocranius grandoculis
POC11002,47847,Lutjanidae,Lutjanus,russellii,3,Lutjanidae Lutjanus russellii
POC11002,65311,Lutjanidae,Lutjanus,sebae,6,Lutjanidae Lutjanus sebae
POC11002,54445,Lutjanidae,Lutjanus,vitta,2,Lutjanidae Lutjanus vitta
POC11002,71226,Lutjanidae,Pristipomoides,multidens,5,Lutjanidae Pristipomoides multidens
POC11002,105067,Serranidae,Epinephelus,areolatus,4,Serranidae Epinephelus areolatus
POC11002,100486,Sparidae,Argyrops,spinifer,5,Sparidae Argyrops spinifer
POC11002,83735,Tetraodontidae,Lagocephalus,lunaris,1,Tetraodontidae Lagocephalus lunaris
POC11002,46227,Unknown,Unknown,sp2,1,Unknown Unknown sp2
POC11003,18639,Ariidae,Netuma,thalassina,1,Ariidae Netuma thalassina
POC11003,42844,Carangidae,Carangoides,chrysophrys,4,Carangidae Carangoides chrysophrys
POC11003,53021,Lethrinidae,Gymnocranius,grandoculis,3,Lethrinidae Gymnocranius grandoculis
POC11003,69735,Lethrinidae,Lethrinus,lentjan,1,Lethrinidae Lethrinus lentjan
POC11003,51042,Lutjanidae,Lutjanus,sebae,10,Lutjanidae Lutjanus sebae
POC11003,45190,Lutjanidae,Lutjanus,vitta,2,Lutjanidae Lutjanus vitta
POC11003,17256,Lutjanidae,Pristipomoides,multidens,1,Lutjanidae Pristipomoides multidens
POC11003,49904,Serranidae,Epinephelus,areolatus,4,Serranidae Epinephelus areolatus
POC11003,85012,Sparidae,Argyrops,spinifer,2,Sparidae Argyrops spinifer
POC11004,53572,Carangidae,Carangoides,chrysophrys,2,Carangidae Carangoides chrysophrys
POC11004,95242,Lutjanidae,Lutjanus,malabaricus,1,Lutjanidae Lutjanus malabaricus
POC11004,51491,Lutjanidae,Pristipomoides,multidens,3,Lutjanidae Pristipomoides multidens
POC11004,21727,Nemipteridae,Nemipterus,spp,2,Nemipteridae Nemipterus spp
POC11004,43365,Sparidae,Argyrops,spinifer,7,Sparidae Argyrops spinifer
POC11004,82768,Tetraodontidae,Lagocephalus,lunaris,1,Tetraodontidae Lagocephalus lunaris
POC11005,27411,Balistidae,Abalistes,stellatus,1,Balistidae Abalistes stellatus
POC11005,52282,Carangidae,Carangoides,chrysophrys,5,Carangidae Carangoides chrysophrys
POC11005,59518,Carangidae,Caranx,ignobilis,1,Carangidae Caranx ignobilis
POC11005,54328,Carcharhinidae,Loxodon,macrorhinus,1,Carcharhinidae Loxodon macrorhinus
POC11005,56293,Lethrinidae,Gymnocranius,grandoculis,1,Lethrinidae Gymnocranius grandoculis
POC11005,32005,Lutjanidae,Lutjanus,russellii,1,Lutjanidae Lutjanus russellii
POC11005,93612,Lutjanidae,Lutjanus,sebae,2,Lutjanidae Lutjanus sebae
POC11005,31007,Lutjanidae,Lutjanus,vitta,1,Lutjanidae Lutjanus vitta
POC11005,88793,Lutjanidae,Pristipomoides,multidens,3,Lutjanidae Pristipomoides multidens
POC11005,30283,Lutjanidae,Pristipomoides,sieboldii,2,Lutjanidae Pristipomoides sieboldii
POC11005,70188,Nemipteridae,Nemipterus,spp,1,Nemipteridae Nemipterus spp
POC11005,59493,Rhynchobatidae,Rhynchobatus,australiae,1,Rhynchobatidae Rhynchobatus australiae
POC11005,71553,Serranidae,Epinephelus,amblycephalus,1,Serranidae Epinephelus amblycephalus
POC11005,22848,Serranidae,Epinephelus,areolatus,1,Serranidae Epinephelus areolatus
POC11005,66297,Sparidae,Argyrops,spinifer,4,Sparidae Argyrops spinifer
POC11009,31589,Carangidae,Carangoides,chrysophrys,3,Carangidae Carangoides chrysophrys
POC11009,102804,Carangidae,Carangoides,malabaricus,1,Carangidae Carangoides malabaricus
POC11009,97234,Carangidae,Carangoides,spp,1,Carangidae Carangoides spp
POC11009,50465,Carangidae,Caranx,ignobilis,2,Carangidae Caranx ignobilis
POC11009,20884,Carcharhinidae,Carcharhinus,plumbeus,1,Carcharhinidae Carcharhinus plumbeus
POC11009,19100,Carcharhinidae,Loxodon,macrorhinus,1,Carcharhinidae Loxodon macrorhinus
POC11009,50812,Lutjanidae,Pristipomoides,multidens,4,Lutjanidae Pristipomoides multidens
POC11009,16383,Nemipteridae,Nemipterus,spp,1,Nemipteridae Nemipterus spp
POC11009,62027,Sparidae,Argyrops,spinifer,3,Sparidae Argyrops spinifer
POC11009,95192,Tetraodontidae,Lagocephalus,lunaris,3,Tetraodontidae Lagocephalus lunaris
POC11011,90652,Bothidae,Unknown,spp,1,Bothidae Unknown spp
POC11011,85762,Carangidae,Carangoides,chrysophrys,9,Carangidae Carangoides chrysophrys
POC11011,20212,Carangidae,Carangoides,sp10,1,Carangidae Carangoides sp10
POC11011,11135,Carcharhinidae,Carcharhinus,sorrah,1,Carcharhinidae Carcharhinus sorrah
POC11011,46099,Carcharhinidae,Loxodon,macrorhinus,1,Carcharhinidae Loxodon macrorhinus
POC11011,30108,Nemipteridae,Nemipterus,spp,1,Nemipteridae Nemipterus spp
POC11011,18437,Synodontidae,Saurida,undosquamis,1,Synodontidae Saurida undosquamis
POC11011,36615,Tetraodontidae,Lagocephalus,lunaris,1,Tetraodontidae Lagocephalus lunaris
POC11012,82415,Ariidae,Netuma,thalassina,1,Ariidae Netuma thalassina
POC11012,87662,Carangidae,Carangoides,chrysophrys,8,Carangidae Carangoides chrysophrys
POC11012,69747,Carangidae,Caranx,ignobilis,2,Carangidae Caranx ignobilis
POC11012,37302,Carangidae,Decapterus,spp,2,Carangidae Decapterus spp
POC11012,89133,Carcharhinidae,Carcharhinus,coatesi,1,Carcharhinidae Carcharhinus coatesi
POC11012,65804,Nemipteridae,Nemipterus,spp,1,Nemipteridae Nemipterus spp
POC11012,53103,Synodontidae,Saurida,undosquamis,1,Synodontidae Saurida undosquamis
POC11012,43030,Terapontidae,Terapon,jarbua,1,Terapontidae Terapon jarbua
POC11012,71551,Tetraodontidae,Lagocephalus,lunaris,2,Tetraodontidae Lagocephalus lunaris
POC11013,56011,Ariidae,Netuma,thalassina,1,Ariidae Netuma thalassina
POC11013,90519,Carangidae,Carangoides,chrysophrys,12,Carangidae Carangoides chrysophrys
POC11013,23199,Carangidae,Caranx,ignobilis,1,Carangidae Caranx ignobilis
POC11013,65308,Carcharhinidae,Carcharhinus,sorrah,1,Carcharhinidae Carcharhinus sorrah
POC11013,65312,Echeneidae,Echeneis,naucrates,1,Echeneidae Echeneis naucrates
POC11013,15995,Nemipteridae,Nemipterus,spp,2,Nemipteridae Nemipterus spp
POC11013,66209,Sphyrnidae,Sphyrna,mokarran,1,Sphyrnidae Sphyrna mokarran
POC11013,68638,Tetraodontidae,Lagocephalus,lunaris,1,Tetraodontidae Lagocephalus lunaris
POC11014,48306,Ariidae,Netuma,thalassina,1,Ariidae Netuma thalassina
POC11014,27778,Carangidae,Carangoides,chrysophrys,7,Carangidae Carangoides chrysophrys
POC11014,72477,Carangidae,Caranx,ignobilis,2,Carangidae Caranx ignobilis
POC11014,77584,Tetraodontidae,Lagocephalus,lunaris,2,Tetraodontidae Lagocephalus lunaris
POC11015,58790,Carangidae,Carangoides,chrysophrys,8,Carangidae Carangoides chrysophrys
POC11015,98660,Carangidae,Caranx,ignobilis,1,Carangidae Caranx ignobilis
POC11015,78125,Carangidae,Caranx,tille,1,Carangidae Caranx tille
POC11015,26620,Nemipteridae,Nemipterus,spp,3,Nemipteridae Nemipterus spp
POC11015,98548,Sphyrnidae,Sphyrna,mokarran,1,Sphyrnidae Sphyrna mokarran
POC11015,73875,Terapontidae,Terapon,jarbua,1,Terapontidae Terapon jarbua
POC11015,54954,Tetraodontidae,Lagocephalus,lunaris,2,Tetraodontidae Lagocephalus lunaris
POC12001,48973,Ariidae,Netuma,thalassina,1,Ariidae Netuma thalassina
POC12001,57349,Carangidae,Carangoides,chrysophrys,3,Carangidae Carangoides chrysophrys
POC12001,101501,Carangidae,Caranx,ignobilis,1,Carangidae Caranx ignobilis
POC12001,45193,Lutjanidae,Pristipomoides,multidens,3,Lutjanidae Pristipomoides multidens
POC12001,25817,Nemipteridae,Nemipterus,spp,6,Nemipteridae Nemipterus spp
POC12001,90817,Rhynchobatidae,Rhynchobatus,australiae,1,Rhynchobatidae Rhynchobatus australiae
POC12001,30160,Sphyraenidae,Sphyraena,qenie,1,Sphyraenidae Sphyraena qenie
POC12001,46877,Tetraodontidae,Lagocephalus,lunaris,1,Tetraodontidae Lagocephalus lunaris
POC12002,39286,Ariidae,Netuma,thalassina,1,Ariidae Netuma thalassina
POC12002,66581,Carangidae,Carangoides,chrysophrys,11,Carangidae Carangoides chrysophrys
POC12002,49818,Carangidae,Caranx,ignobilis,1,Carangidae Caranx ignobilis
POC12002,24694,Carcharhinidae,Carcharhinus,sorrah,1,Carcharhinidae Carcharhinus sorrah
POC12002,79227,Carcharhinidae,Loxodon,macrorhinus,1,Carcharhinidae Loxodon macrorhinus
POC12002,40495,Lutjanidae,Pristipomoides,multidens,2,Lutjanidae Pristipomoides multidens
POC12002,18268,Nemipteridae,Nemipterus,spp,6,Nemipteridae Nemipterus spp
POC12002,93853,Sparidae,Argyrops,spinifer,2,Sparidae Argyrops spinifer
POC12002,48394,Sphyraenidae,Sphyraena,qenie,1,Sphyraenidae Sphyraena qenie
POC12002,31907,Tetraodontidae,Lagocephalus,lunaris,1,Tetraodontidae Lagocephalus lunaris
POC12003,37809,Ariidae,Netuma,thalassina,2,Ariidae Netuma thalassina
POC12003,22871,Balistidae,Abalistes,stellatus,1,Balistidae Abalistes stellatus
POC12003,70857,Carangidae,Carangoides,chrysophrys,5,Carangidae Carangoides chrysophrys
POC12003,64236,Carangidae,Caranx,ignobilis,1,Carangidae Caranx ignobilis
POC12003,86692,Carangidae,Caranx,tille,17,Carangidae Caranx tille
POC12003,11520,Carcharhinidae,Carcharhinus,albimarginatus,1,Carcharhinidae Carcharhinus albimarginatus
POC12003,86622,Carcharhinidae,Carcharhinus,sorrah,1,Carcharhinidae Carcharhinus sorrah
POC12003,100595,Labridae,Bodianus,solatus,2,Labridae Bodianus solatus
POC12003,99991,Lethrinidae,Gymnocranius,grandoculis,1,Lethrinidae Gymnocranius grandoculis
POC12003,64202,Lutjanidae,Lutjanus,sebae,6,Lutjanidae Lutjanus sebae
POC12003,50902,Lutjanidae,Pristipomoides,multidens,2,Lutjanidae Pristipomoides multidens
POC12003,17380,Nemipteridae,Nemipterus,spp,1,Nemipteridae Nemipterus spp
POC12003,41040,Serranidae,Epinephelus,amblycephalus,1,Serranidae Epinephelus amblycephalus
POC12003,34889,Serranidae,Epinephelus,areolatus,5,Serranidae Epinephelus areolatus
POC12003,46766,Sparidae,Argyrops,spinifer,2,Sparidae Argyrops spinifer
POC12003,18158,Sphyraenidae,Sphyraena,qenie,1,Sphyraenidae Sphyraena qenie
POC12004,105550,Ariidae,Netuma,thalassina,4,Ariidae Netuma thalassina
POC12004,79321,Balistidae,Abalistes,stellatus,1,Balistidae Abalistes stellatus
POC12004,62560,Carangidae,Carangoides,caeruleopinnatus,1,Carangidae Carangoides caeruleopinnatus
POC12004,102239,Carangidae,Carangoides,chrysophrys,6,Carangidae Carangoides chrysophrys
POC12004,84627,Carangidae,Caranx,ignobilis,1,Carangidae Caranx ignobilis
POC12004,87428,Carangidae,Caranx,tille,3,Carangidae Caranx tille
POC12004,87042,Carangidae,Seriola,hippos,1,Carangidae Seriola hippos
POC12004,65719,Lethrinidae,Gymnocranius,grandoculis,1,Lethrinidae Gymnocranius grandoculis
POC12004,56230,Lutjanidae,Lutjanus,sebae,4,Lutjanidae Lutjanus sebae
POC12004,40905,Lutjanidae,Pristipomoides,multidens,3,Lutjanidae Pristipomoides multidens
POC12004,19348,Nemipteridae,Nemipterus,spp,1,Nemipteridae Nemipterus spp
POC12004,63661,Serranidae,Epinephelus,areolatus,3,Serranidae Epinephelus areolatus
POC12004,42456,Sparidae,Argyrops,spinifer,1,Sparidae Argyrops spinifer
POC12004,43742,Sphyraenidae,Sphyraena,qenie,5,Sphyraenidae Sphyraena qenie
POC12004,66437,Triakidae,Hemitriakis,falcata,1,Triakidae Hemitriakis falcata
POC12005,69151,Carangidae,Carangoides,caeruleopinnatus,1,Carangidae Carangoides caeruleopinnatus
POC12005,60399,Carangidae,Carangoides,chrysophrys,3,Carangidae Carangoides chrysophrys
POC12005,27016,Carangidae,Caranx,ignobilis,1,Carangidae Caranx ignobilis
POC12005,36069,Carangidae,Caranx,tille,1,Carangidae Caranx tille
POC12005,9385,Carcharhinidae,Carcharhinus,albimarginatus,1,Carcharhinidae Carcharhinus albimarginatus
POC12005,21211,Carcharhinidae,Loxodon,macrorhinus,1,Carcharhinidae Loxodon macrorhinus
POC12005,54562,Lutjanidae,Pristipomoides,multidens,3,Lutjanidae Pristipomoides multidens
POC12005,11112,Nemipteridae,Nemipterus,spp,6,Nemipteridae Nemipterus spp
POC12005,51574,Sparidae,Argyrops,spinifer,4,Sparidae Argyrops spinifer
POC12005,50718,Tetraodontidae,Lagocephalus,lunaris,1,Tetraodontidae Lagocephalus lunaris
POC12006,28102,Ariidae,Netuma,thalassina,1,Ariidae Netuma thalassina
POC12006,62919,Carangidae,Carangoides,chrysophrys,7,Carangidae Carangoides chrysophrys
POC12006,58822,Carangidae,Caranx,ignobilis,1,Carangidae Caranx ignobilis
POC12006,55753,Lutjanidae,Pristipomoides,multidens,2,Lutjanidae Pristipomoides multidens
POC12006,19414,Nemipteridae,Nemipterus,spp,2,Nemipteridae Nemipterus spp
POC12006,96264,Synodontidae,Saurida,longimanus,1,Synodontidae Saurida longimanus
POC12006,98777,Tetraodontidae,Lagocephalus,lunaris,3,Tetraodontidae Lagocephalus lunaris
POC12007,81551,Carangidae,Carangoides,chrysophrys,2,Carangidae Carangoides chrysophrys
POC12007,82140,Carangidae,Caranx,ignobilis,1,Carangidae Caranx ignobilis
POC12007,22877,Carcharhinidae,Carcharhinus,sorrah,1,Carcharhinidae Carcharhinus sorrah
POC12007,32268,Lutjanidae,Pristipomoides,multidens,1,Lutjanidae Pristipomoides multidens
POC12007,18459,Nemipteridae,Nemipterus,spp,1,Nemipteridae Nemipterus spp
POC12007,50370,Tetraodontidae,Lagocephalus,lunaris,1,Tetraodontidae Lagocephalus lunaris
POC12008,41719,Ariidae,Netuma,thalassina,1,Ariidae Netuma thalassina
POC12008,89308,Carangidae,Carangoides,chrysophrys,3,Carangidae Carangoides chrysophrys
POC12008,40522,Carangidae,Carangoides,malabaricus,1,Carangidae Carangoides malabaricus
POC12008,31723,Carangidae,Caranx,ignobilis,1,Carangidae Caranx ignobilis
POC12008,31126,Carcharhinidae,Loxodon,macrorhinus,1,Carcharhinidae Loxodon macrorhinus
POC12008,46839,Lutjanidae,Pristipomoides,multidens,1,Lutjanidae Pristipomoides multidens
POC12008,19215,Nemipteridae,Nemipterus,spp,5,Nemipteridae Nemipterus spp
POC12008,39973,Tetraodontidae,Lagocephalus,lunaris,1,Tetraodontidae Lagocephalus lunaris
POC12009,92469,Carangidae,Carangoides,caeruleopinnatus,9,Carangidae Carangoides caeruleopinnatus
POC12009,44246,Carangidae,Carangoides,chrysophrys,1,Carangidae Carangoides chrysophrys
POC12009,88309,Carangidae,Caranx,ignobilis,1,Carangidae Caranx ignobilis
POC12009,44853,Carcharhinidae,Loxodon,macrorhinus,1,Carcharhinidae Loxodon macrorhinus
POC12009,67682,Lutjanidae,Pristipomoides,multidens,1,Lutjanidae Pristipomoides multidens
POC12009,17785,Nemipteridae,Nemipterus,spp,1,Nemipteridae Nemipterus spp
POC12009,43639,Platycephalidae,Unknown,spp,1,Platycephalidae Unknown spp
POC12009,14096,Synodontidae,Saurida,undosquamis,1,Synodontidae Saurida undosquamis
POC12009,75677,Tetraodontidae,Lagocephalus,lunaris,2,Tetraodontidae Lagocephalus lunaris
POC12010,70164,Ariidae,Netuma,thalassina,2,Ariidae Netuma thalassina
POC12010,43966,Carangidae,Carangoides,caeruleopinnatus,1,Carangidae Carangoides caeruleopinnatus
POC12010,52602,Carangidae,Carangoides,chrysophrys,7,Carangidae Carangoides chrysophrys
POC12010,28377,Carangidae,Carangoides,sp10,1,Carangidae Carangoides sp10
POC12010,30541,Carangidae,Caranx,ignobilis,1,Carangidae Caranx ignobilis
POC12010,86532,Lutjanidae,Pristipomoides,multidens,1,Lutjanidae Pristipomoides multidens
POC12010,29027,Nemipteridae,Nemipterus,spp,1,Nemipteridae Nemipterus spp
POC12010,82929,Synodontidae,Saurida,undosquamis,1,Synodontidae Saurida undosquamis
POC12010,47960,Terapontidae,Terapon,jarbua,1,Terapontidae Terapon jarbua
POC12010,36869,Tetraodontidae,Lagocephalus,lunaris,2,Tetraodontidae Lagocephalus lunaris
POC12010,29121,Tetraodontidae,Lagocephalus,sceleratus,1,Tetraodontidae Lagocephalus sceleratus
POC13001,32826,Ariidae,Netuma,thalassina,4,Ariidae Netuma thalassina
POC13001,42024,Carangidae,Carangoides,chrysophrys,9,Carangidae Carangoides chrysophrys
POC13001,26795,Carcharhinidae,Carcharhinus,coatesi,1,Carcharhinidae Carcharhinus coatesi
POC13001,58319,Carcharhinidae,Loxodon,macrorhinus,1,Carcharhinidae Loxodon macrorhinus
POC13001,55394,Mullidae,Upeneus,moluccensis,1,Mullidae Upeneus moluccensis
POC13001,80409,Nemipteridae,Nemipterus,spp,2,Nemipteridae Nemipterus spp
POC13001,28188,Synodontidae,Saurida,undosquamis,1,Synodontidae Saurida undosquamis
POC13001,102898,Synodontidae,Synodus,indicus,1,Synodontidae Synodus indicus
POC13001,18981,Synodontidae,Trachinocephalus,myops,1,Synodontidae Trachinocephalus myops
POC13001,20890,Terapontidae,Terapon,jarbua,1,Terapontidae Terapon jarbua
POC13001,17068,Tetraodontidae,Lagocephalus,lunaris,1,Tetraodontidae Lagocephalus lunaris
POC13002,23638,Ariidae,Netuma,thalassina,2,Ariidae Netuma thalassina
POC13002,35648,Carangidae,Carangoides,chrysophrys,3,Carangidae Carangoides chrysophrys
POC13002,32574,Carangidae,Caranx,ignobilis,1,Carangidae Caranx ignobilis
POC13002,48414,Carangidae,Decapterus,spp,1,Carangidae Decapterus spp
POC13002,29448,Carcharhinidae,Carcharhinus,coatesi,1,Carcharhinidae Carcharhinus coatesi
POC13002,15856,Synodontidae,Synodus,indicus,1,Synodontidae Synodus indicus
POC13002,97605,Terapontidae,Terapon,jarbua,3,Terapontidae Terapon jarbua
POC13002,100504,Tetraodontidae,Lagocephalus,lunaris,2,Tetraodontidae Lagocephalus lunaris
POC13003,53175,Ariidae,Netuma,thalassina,2,Ariidae Netuma thalassina
POC13003,35800,Carangidae,Carangoides,chrysophrys,6,Carangidae Carangoides chrysophrys
POC13003,80567,Carangidae,Caranx,ignobilis,1,Carangidae Caranx ignobilis
POC13003,53365,Echeneidae,Echeneis,naucrates,2,Echeneidae Echeneis naucrates
POC13003,22034,Synodontidae,Saurida,undosquamis,1,Synodontidae Saurida undosquamis
POC13003,65043,Terapontidae,Terapon,jarbua,1,Terapontidae Terapon jarbua
POC13003,86657,Tetraodontidae,Lagocephalus,lunaris,2,Tetraodontidae Lagocephalus lunaris
POC13004,43419,Ariidae,Netuma,thalassina,1,Ariidae Netuma thalassina
POC13004,56275,Carangidae,Carangoides,chrysophrys,7,Carangidae Carangoides chrysophrys
POC13004,33653,Carangidae,Decapterus,spp,19,Carangidae Decapterus spp
POC13004,32428,Carcharhinidae,Carcharhinus,coatesi,1,Carcharhinidae Carcharhinus coatesi
POC13004,33364,Carcharhinidae,Carcharhinus,sorrah,1,Carcharhinidae Carcharhinus sorrah
POC13004,14151,Nemipteridae,Nemipterus,spp,1,Nemipteridae Nemipterus spp
POC13004,69024,Rachycentridae,Rachycentron,canadum,1,Rachycentridae Rachycentron canadum
POC13004,60720,Synodontidae,Saurida,undosquamis,1,Synodontidae Saurida undosquamis
POC13004,16284,Synodontidae,Synodus,indicus,1,Synodontidae Synodus indicus
POC13004,64728,Tetraodontidae,Lagocephalus,lunaris,1,Tetraodontidae Lagocephalus lunaris
POC13005,59007,Ariidae,Netuma,thalassina,2,Ariidae Netuma thalassina
POC13005,39075,Carangidae,Carangoides,chrysophrys,4,Carangidae Carangoides chrysophrys
POC13005,17660,Carcharhinidae,Carcharhinus,sorrah,1,Carcharhinidae Carcharhinus sorrah
POC13005,29076,Scombridae,Scomberomorus,spp,1,Scombridae Scomberomorus spp
POC13005,86722,Synodontidae,Synodus,indicus,1,Synodontidae Synodus indicus
POC13005,76504,Terapontidae,Terapon,jarbua,3,Terapontidae Terapon jarbua
POC13005,47046,Tetraodontidae,Lagocephalus,lunaris,2,Tetraodontidae Lagocephalus lunaris
POC13007,43562,Ariidae,Netuma,thalassina,1,Ariidae Netuma thalassina
POC13007,62866,Carangidae,Carangoides,chrysophrys,6,Carangidae Carangoides chrysophrys
POC13007,55580,Carcharhinidae,Carcharhinus,sorrah,2,Carcharhinidae Carcharhinus sorrah
POC13007,18355,Carcharhinidae,Loxodon,macrorhinus,1,Carcharhinidae Loxodon macrorhinus
POC13007,54078,Echeneidae,Echeneis,naucrates,1,Echeneidae Echeneis naucrates
POC13007,18482,Lutjanidae,Pristipomoides,multidens,1,Lutjanidae Pristipomoides multidens
POC13007,19816,Nemipteridae,Nemipterus,spp,2,Nemipteridae Nemipterus spp
POC13007,70251,Terapontidae,Terapon,jarbua,1,Terapontidae Terapon jarbua
POC13007,23361,Tetraodontidae,Lagocephalus,lunaris,1,Tetraodontidae Lagocephalus lunaris
POC13008,53775,Ariidae,Netuma,thalassina,1,Ariidae Netuma thalassina
POC13008,47644,Carangidae,Carangoides,chrysophrys,9,Carangidae Carangoides chrysophrys
POC13008,25828,Carcharhinidae,Carcharhinus,sorrah,1,Carcharhinidae Carcharhinus sorrah
POC13008,40176,Carcharhinidae,Loxodon,macrorhinus,1,Carcharhinidae Loxodon macrorhinus
POC13008,15321,Nemipteridae,Nemipterus,spp,1,Nemipteridae Nemipterus spp
POC13008,79621,Sphyrnidae,Sphyrna,mokarran,1,Sphyrnidae Sphyrna mokarran
POC13008,45487,Tetraodontidae,Lagocephalus,lunaris,2,Tetraodontidae Lagocephalus lunaris
POC13009,53138,Ariidae,Netuma,thalassina,1,Ariidae Netuma thalassina
POC13009,98477,Carangidae,Carangoides,chrysophrys,13,Carangidae Carangoides chrysophrys
POC13009,11370,Carangidae,Caranx,ignobilis,1,Carangidae Caranx ignobilis
POC13009,82724,Carangidae,Caranx,tille,1,Carangidae Caranx tille
POC13009,16098,Lutjanidae,Pristipomoides,multidens,1,Lutjanidae Pristipomoides multidens
POC13009,17057,Nemipteridae,Nemipterus,spp,1,Nemipteridae Nemipterus spp
POC13009,74745,Sparidae,Argyrops,spinifer,1,Sparidae Argyrops spinifer
POC13009,20657,Tetraodontidae,Lagocephalus,lunaris,1,Tetraodontidae Lagocephalus lunaris
POC13010,32742,Ariidae,Netuma,thalassina,1,Ariidae Netuma thalassina
POC13010,69738,Carangidae,Carangoides,chrysophrys,5,Carangidae Carangoides chrysophrys
POC13010,34721,Carangidae,Carangoides,sp10,1,Carangidae Carangoides sp10
POC13010,55798,Carangidae,Caranx,ignobilis,2,Carangidae Caranx ignobilis
POC13010,34721,Carcharhinidae,Loxodon,macrorhinus,1,Carcharhinidae Loxodon macrorhinus
POC13010,47652,Lutjanidae,Lutjanus,malabaricus,1,Lutjanidae Lutjanus malabaricus
POC13010,36205,Lutjanidae,Lutjanus,sebae,1,Lutjanidae Lutjanus sebae
POC13010,79032,Lutjanidae,Pristipomoides,multidens,3,Lutjanidae Pristipomoides multidens
POC13010,21085,Nemipteridae,Nemipterus,spp,1,Nemipteridae Nemipterus spp
POC13010,45790,Sparidae,Argyrops,spinifer,1,Sparidae Argyrops spinifer
POC13010,51148,Sphyrnidae,Sphyrna,lewini,1,Sphyrnidae Sphyrna lewini
POC13010,90109,Terapontidae,Terapon,jarbua,1,Terapontidae Terapon jarbua
POC13010,37491,Tetraodontidae,Lagocephalus,lunaris,1,Tetraodontidae Lagocephalus lunaris
POC24006,66143,Carangidae,Carangoides,chrysophrys,4,Carangidae Carangoides chrysophrys
POC24006,84035,Carangidae,Caranx,ignobilis,1,Carangidae Caranx ignobilis
POC24006,89516,Sphyrnidae,Sphyrna,lewini,1,Sphyrnidae Sphyrna lewini
POC24006,15075,Synodontidae,Saurida,undosquamis,1,Synodontidae Saurida undosquamis
POC24006,70388,Tetraodontidae,Lagocephalus,lunaris,2,Tetraodontidae Lagocephalus lunaris
POC24007,79544,Carangidae,Carangoides,chrysophrys,4,Carangidae Carangoides chrysophrys
POC24007,79443,Carangidae,Caranx,ignobilis,1,Carangidae Caranx ignobilis
POC24007,19193,Carcharhinidae,Carcharhinus,sorrah,1,Carcharhinidae Carcharhinus sorrah
POC24007,11460,Nemipteridae,Nemipterus,spp,1,Nemipteridae Nemipterus spp
POC24007,71251,Synodontidae,Saurida,undosquamis,1,Synodontidae Saurida undosquamis
POC24007,75047,Tetraodontidae,Lagocephalus,lunaris,2,Tetraodontidae Lagocephalus lunaris
POC24008,55675,Carangidae,Carangoides,chrysophrys,1,Carangidae Carangoides chrysophrys
POC24008,75719,Carangidae,Carangoides,sp10,1,Carangidae Carangoides sp10
POC24008,40855,Carangidae,Caranx,ignobilis,1,Carangidae Caranx ignobilis
POC24008,91942,Synodontidae,Saurida,undosquamis,3,Synodontidae Saurida undosquamis
POC24008,84480,Tetraodontidae,Lagocephalus,lunaris,4,Tetraodontidae Lagocephalus lunaris
POC24009,26457,Bothidae,Unknown,spp,1,Bothidae Unknown spp
POC24009,40782,Carangidae,Carangoides,chrysophrys,1,Carangidae Carangoides chrysophrys
POC24009,86488,Carangidae,Decapterus,spp,2,Carangidae Decapterus spp
POC24009,86488,Echeneidae,Echeneis,naucrates,1,Echeneidae Echeneis naucrates
POC24009,19263,Nemipteridae,Nemipterus,spp,3,Nemipteridae Nemipterus spp
POC24009,86476,Sphyrnidae,Sphyrna,mokarran,1,Sphyrnidae Sphyrna mokarran
POC24009,51657,Synodontidae,Saurida,undosquamis,1,Synodontidae Saurida undosquamis
POC24009,80627,Tetraodontidae,Lagocephalus,lunaris,2,Tetraodontidae Lagocephalus lunaris
POC24010,100809,Carangidae,Carangoides,chrysophrys,12,Carangidae Carangoides chrysophrys
POC24010,49730,Carangidae,Carangoides,sp10,1,Carangidae Carangoides sp10
POC24010,67170,Carangidae,Caranx,ignobilis,1,Carangidae Caranx ignobilis
POC24010,58560,Carcharhinidae,Carcharhinus,sorrah,1,Carcharhinidae Carcharhinus sorrah
POC24010,55014,Carcharhinidae,Carcharhinus,spp,1,Carcharhinidae Carcharhinus spp
POC24010,58555,Echeneidae,Echeneis,naucrates,1,Echeneidae Echeneis naucrates
POC24010,13448,Nemipteridae,Nemipterus,spp,1,Nemipteridae Nemipterus spp
POC24010,28774,Synodontidae,Saurida,undosquamis,1,Synodontidae Saurida undosquamis
POC24010,74914,Terapontidae,Terapon,jarbua,7,Terapontidae Terapon jarbua
POC24010,64360,Tetraodontidae,Lagocephalus,lunaris,4,Tetraodontidae Lagocephalus lunaris
POC25001,103821,Carangidae,Carangoides,caeruleopinnatus,2,Carangidae Carangoides caeruleopinnatus
POC25001,19178,Carangidae,Carangoides,chrysophrys,1,Carangidae Carangoides chrysophrys
POC25001,27220,Nemipteridae,Nemipterus,spp,1,Nemipteridae Nemipterus spp
POC25001,34248,Synodontidae,Saurida,undosquamis,1,Synodontidae Saurida undosquamis
POC25001,63645,Tetraodontidae,Lagocephalus,lunaris,3,Tetraodontidae Lagocephalus lunaris
POC25002,83492,Ariidae,Netuma,thalassina,1,Ariidae Netuma thalassina
POC25002,32423,Carangidae,Carangoides,caeruleopinnatus,1,Carangidae Carangoides caeruleopinnatus
POC25002,64577,Carangidae,Carangoides,sp10,2,Carangidae Carangoides sp10
POC25002,24900,Carangidae,Caranx,ignobilis,1,Carangidae Caranx ignobilis
POC25002,36024,Carangidae,Decapterus,spp,2,Carangidae Decapterus spp
POC25002,78437,Carcharhinidae,Carcharhinus,sorrah,1,Carcharhinidae Carcharhinus sorrah
POC25002,16949,Carcharhinidae,Loxodon,macrorhinus,1,Carcharhinidae Loxodon macrorhinus
POC25002,56156,Echeneidae,Echeneis,naucrates,1,Echeneidae Echeneis naucrates
POC25002,14892,Nemipteridae,Nemipterus,spp,2,Nemipteridae Nemipterus spp
POC25002,36032,Sphyrnidae,Sphyrna,lewini,1,Sphyrnidae Sphyrna lewini
POC25002,55775,Synodontidae,Saurida,undosquamis,1,Synodontidae Saurida undosquamis
POC25002,56327,Terapontidae,Terapon,jarbua,3,Terapontidae Terapon jarbua
POC25002,83956,Tetraodontidae,Lagocephalus,lunaris,4,Tetraodontidae Lagocephalus lunaris
POC25004,89882,Ariidae,Netuma,thalassina,1,Ariidae Netuma thalassina
POC25004,43254,Carangidae,Carangoides,chrysophrys,3,Carangidae Carangoides chrysophrys
POC25004,88474,Carangidae,Carangoides,sp10,2,Carangidae Carangoides sp10
POC25004,15568,Nemipteridae,Nemipterus,spp,4,Nemipteridae Nemipterus spp
POC25004,19863,Synodontidae,Saurida,undosquamis,1,Synodontidae Saurida undosquamis
POC25004,58277,Tetraodontidae,Lagocephalus,lunaris,6,Tetraodontidae Lagocephalus lunaris
POC25004,79943,Tetraodontidae,Lagocephalus,sceleratus,1,Tetraodontidae Lagocephalus sceleratus
POC25005,24665,Ariidae,Netuma,thalassina,1,Ariidae Netuma thalassina
POC25005,14250,Carangidae,Carangoides,caeruleopinnatus,1,Carangidae Carangoides caeruleopinnatus
POC25005,61677,Carangidae,Carangoides,spp,2,Carangidae Carangoides spp
POC25005,44723,Carcharhinidae,Loxodon,macrorhinus,1,Carcharhinidae Loxodon macrorhinus
POC25005,81087,Echeneidae,Echeneis,naucrates,1,Echeneidae Echeneis naucrates
POC25005,78347,Sphyrnidae,Sphyrna,lewini,1,Sphyrnidae Sphyrna lewini
POC25005,18132,Synodontidae,Saurida,undosquamis,1,Synodontidae Saurida undosquamis
POC25005,66162,Tetraodontidae,Lagocephalus,lunaris,4,Tetraodontidae Lagocephalus lunaris
POC26001,33513,Ariidae,Netuma,thalassina,2,Ariidae Netuma thalassina
POC26001,46046,Carangidae,Carangoides,chrysophrys,3,Carangidae Carangoides chrysophrys
POC26001,86180,Carangidae,Decapterus,spp,15,Carangidae Decapterus spp
POC26001,25318,Carcharhinidae,Carcharhinus,sorrah,1,Carcharhinidae Carcharhinus sorrah
POC26001,28524,Nemipteridae,Nemipterus,spp,3,Nemipteridae Nemipterus spp
POC26001,15864,Synodontidae,Saurida,undosquamis,1,Synodontidae Saurida undosquamis
POC26001,44157,Synodontidae,Synodus,indicus,1,Synodontidae Synodus indicus
POC26001,34447,Tetraodontidae,Lagocephalus,lunaris,1,Tetraodontidae Lagocephalus lunaris
POC26002,32331,Ariidae,Netuma,thalassina,2,Ariidae Netuma thalassina
POC26002,86526,Carangidae,Carangoides,chrysophrys,2,Carangidae Carangoides chrysophrys
POC26002,91107,Carangidae,Caranx,ignobilis,1,Carangidae Caranx ignobilis
POC26002,104694,Carangidae,Decapterus,spp,7,Carangidae Decapterus spp
POC26002,16779,Carcharhinidae,Carcharhinus,sorrah,1,Carcharhinidae Carcharhinus sorrah
POC26002,32602,Carcharhinidae,Loxodon,macrorhinus,1,Carcharhinidae Loxodon macrorhinus
POC26002,33285,Echeneidae,Echeneis,naucrates,1,Echeneidae Echeneis naucrates
POC26002,77472,Nemipteridae,Nemipterus,spp,4,Nemipteridae Nemipterus spp
POC26002,66329,Sphyrnidae,Sphyrna,lewini,1,Sphyrnidae Sphyrna lewini
POC26002,55057,Tetraodontidae,Lagocephalus,lunaris,2,Tetraodontidae Lagocephalus lunaris
POC26003,71671,Ariidae,Netuma,thalassina,2,Ariidae Netuma thalassina
POC26003,69232,Carangidae,Carangoides,chrysophrys,2,Carangidae Carangoides chrysophrys
POC26003,21691,Carangidae,Caranx,ignobilis,1,Carangidae Caranx ignobilis
POC26003,77009,Carangidae,Decapterus,spp,9,Carangidae Decapterus spp
POC26003,57588,Carcharhinidae,Carcharhinus,sorrah,1,Carcharhinidae Carcharhinus sorrah
POC26003,57588,Echeneidae,Echeneis,naucrates,1,Echeneidae Echeneis naucrates
POC26003,33910,Nemipteridae,Nemipterus,spp,3,Nemipteridae Nemipterus spp
POC26003,53905,Synodontidae,Saurida,undosquamis,1,Synodontidae Saurida undosquamis
POC26003,17037,Tetraodontidae,Lagocephalus,lunaris,1,Tetraodontidae Lagocephalus lunaris
POC26004,20655,Ariidae,Netuma,thalassina,2,Ariidae Netuma thalassina
POC26004,49491,Carangidae,Carangoides,chrysophrys,8,Carangidae Carangoides chrysophrys
POC26004,37669,Carangidae,Caranx,ignobilis,1,Carangidae Caranx ignobilis
POC26004,64804,Carcharhinidae,Carcharhinus,sorrah,1,Carcharhinidae Carcharhinus sorrah
POC26004,30882,Carcharhinidae,Loxodon,macrorhinus,1,Carcharhinidae Loxodon macrorhinus
POC26004,16174,Nemipteridae,Nemipterus,spp,3,Nemipteridae Nemipterus spp
POC26004,24523,Sparidae,Argyrops,spinifer,1,Sparidae Argyrops spinifer
POC26004,73490,Tetraodontidae,Lagocephalus,lunaris,3,Tetraodontidae Lagocephalus lunaris
POC26005,70316,Ariidae,Netuma,thalassina,1,Ariidae Netuma thalassina
POC26005,64606,Carangidae,Carangoides,chrysophrys,6,Carangidae Carangoides chrysophrys
POC26005,77591,Carangidae,Carangoides,sp10,1,Carangidae Carangoides sp10
POC26005,36742,Carcharhinidae,Carcharhinus,coatesi,1,Carcharhinidae Carcharhinus coatesi
POC26005,64267,Carcharhinidae,Carcharhinus,plumbeus,1,Carcharhinidae Carcharhinus plumbeus
POC26005,50361,Carcharhinidae,Carcharhinus,sorrah,1,Carcharhinidae Carcharhinus sorrah
POC26005,13983,Nemipteridae,Nemipterus,spp,3,Nemipteridae Nemipterus spp
POC26005,30031,Tetraodontidae,Lagocephalus,lunaris,1,Tetraodontidae Lagocephalus lunaris
POC37001,56806,Carangidae,Caranx,ignobilis,1,Carangidae Caranx ignobilis
POC37001,81873,Nemipteridae,Nemipterus,spp,2,Nemipteridae Nemipterus spp
POC37001,76095,Tetraodontidae,Lagocephalus,lunaris,2,Tetraodontidae Lagocephalus lunaris
POC37002,57966,Carangidae,Seriola,dumerili,1,Carangidae Seriola dumerili
POC37002,20374,Nemipteridae,Nemipterus,spp,5,Nemipteridae Nemipterus spp
POC37002,49707,Synodontidae,Saurida,undosquamis,1,Synodontidae Saurida undosquamis
POC37002,34373,Tetraodontidae,Lagocephalus,lunaris,1,Tetraodontidae Lagocephalus lunaris
POC37003,20019,Carangidae,Caranx,ignobilis,1,Carangidae Caranx ignobilis
POC37003,65874,Carangidae,Decapterus,spp,2,Carangidae Decapterus spp
POC37003,63621,Carcharhinidae,Carcharhinus,plumbeus,1,Carcharhinidae Carcharhinus plumbeus
POC37003,31879,Carcharhinidae,Loxodon,macrorhinus,1,Carcharhinidae Loxodon macrorhinus
POC37003,14440,Nemipteridae,Nemipterus,spp,5,Nemipteridae Nemipterus spp
POC37003,56246,Priacanthidae,Priacanthus,hamrur,1,Priacanthidae Priacanthus hamrur
POC37003,85151,Sphyraenidae,Sphyraena,qenie,1,Sphyraenidae Sphyraena qenie
POC37003,91126,Synodontidae,Saurida,undosquamis,1,Synodontidae Saurida undosquamis
POC37003,50745,Terapontidae,Terapon,jarbua,1,Terapontidae Terapon jarbua
POC37003,86705,Tetraodontidae,Lagocephalus,lunaris,1,Tetraodontidae Lagocephalus lunaris
POC37004,93841,Carangidae,Carangoides,sp10,1,Carangidae Carangoides sp10
POC37004,89849,Carangidae,Caranx,ignobilis,1,Carangidae Caranx ignobilis
POC37004,73602,Carcharhinidae,Carcharhinus,plumbeus,1,Carcharhinidae Carcharhinus plumbeus
POC37004,27976,Nemipteridae,Nemipterus,spp,4,Nemipteridae Nemipterus spp
POC37004,44226,Synodontidae,Saurida,undosquamis,1,Synodontidae Saurida undosquamis
POC37004,55973,Tetraodontidae,Lagocephalus,lunaris,1,Tetraodontidae Lagocephalus lunaris
POC37005,50983,Carangidae,Caranx,ignobilis,1,Carangidae Caranx ignobilis
POC37005,40364,Carcharhinidae,Galeocerdo,cuvier,1,Carcharhinidae Galeocerdo cuvier
POC37005,13364,Lutjanidae,Pristipomoides,multidens,3,Lutjanidae Pristipomoides multidens
POC37005,16547,Nemipteridae,Nemipterus,spp,12,Nemipteridae Nemipterus spp
POC37005,60185,Synodontidae,Saurida,undosquamis,1,Synodontidae Saurida undosquamis
POC37005,95889,Tetraodontidae,Lagocephalus,lunaris,1,Tetraodontidae Lagocephalus lunaris
POC38001,92611,Ariidae,Netuma,thalassina,1,Ariidae Netuma thalassina
POC38001,32613,Carangidae,Carangoides,chrysophrys,1,Carangidae Carangoides chrysophrys
POC38001,21754,Carangidae,Carangoides,sp10,1,Carangidae Carangoides sp10
POC38001,20098,Carangidae,Caranx,ignobilis,1,Carangidae Caranx ignobilis
POC38001,59421,Carcharhinidae,Carcharhinus,plumbeus,1,Carcharhinidae Carcharhinus plumbeus
POC38001,17044,Nemipteridae,Nemipterus,spp,2,Nemipteridae Nemipterus spp
POC38002,92423,Ariidae,Netuma,thalassina,2,Ariidae Netuma thalassina
POC38002,68440,Carangidae,Carangoides,chrysophrys,1,Carangidae Carangoides chrysophrys
POC38002,51404,Carcharhinidae,Carcharhinus,coatesi,1,Carcharhinidae Carcharhinus coatesi
POC38002,95366,Carcharhinidae,Carcharhinus,sorrah,1,Carcharhinidae Carcharhinus sorrah
POC38002,28415,Fistulariidae,Fistularia,commersonii,1,Fistulariidae Fistularia commersonii
POC38002,63207,Lutjanidae,Pristipomoides,multidens,2,Lutjanidae Pristipomoides multidens
POC38002,26474,Nemipteridae,Nemipterus,spp,4,Nemipteridae Nemipterus spp
POC38002,34446,Sphyraenidae,Sphyraena,forsteri,1,Sphyraenidae Sphyraena forsteri
POC38002,28403,Synodontidae,Saurida,undosquamis,1,Synodontidae Saurida undosquamis
POC38002,95116,Tetraodontidae,Lagocephalus,lunaris,1,Tetraodontidae Lagocephalus lunaris
POC38004,57011,Carangidae,Caranx,ignobilis,1,Carangidae Caranx ignobilis
POC38004,52659,Carangidae,Seriola,hippos,1,Carangidae Seriola hippos
POC38004,26070,Nemipteridae,Nemipterus,spp,2,Nemipteridae Nemipterus spp
POC38004,37389,Tetraodontidae,Lagocephalus,lunaris,1,Tetraodontidae Lagocephalus lunaris
POC38005,69522,Carangidae,Carangoides,chrysophrys,2,Carangidae Carangoides chrysophrys
POC38005,74722,Carangidae,Caranx,ignobilis,1,Carangidae Caranx ignobilis
POC38005,85983,Carcharhinidae,Carcharhinus,plumbeus,1,Carcharhinidae Carcharhinus plumbeus
POC38005,33744,Carcharhinidae,Carcharhinus,sorrah,1,Carcharhinidae Carcharhinus sorrah
POC38005,31639,Nemipteridae,Nemipterus,spp,4,Nemipteridae Nemipterus spp
POC38005,43493,Synodontidae,Saurida,undosquamis,1,Synodontidae Saurida undosquamis
POC38005,14080,Tetraodontidae,Arothron,stellatus,1,Tetraodontidae Arothron stellatus
POC38005,19198,Tetraodontidae,Lagocephalus,lunaris,1,Tetraodontidae Lagocephalus lunaris
POC39001,42731,Carangidae,Carangoides,chrysophrys,1,Carangidae Carangoides chrysophrys
POC39001,69119,Carcharhinidae,Carcharhinus,sorrah,1,Carcharhinidae Carcharhinus sorrah
POC39001,51356,Lutjanidae,Pristipomoides,multidens,3,Lutjanidae Pristipomoides multidens
POC39001,12259,Nemipteridae,Nemipterus,spp,2,Nemipteridae Nemipterus spp
POC39001,20842,Synodontidae,Saurida,undosquamis,1,Synodontidae Saurida undosquamis
POC39001,12542,Synodontidae,Synodus,indicus,1,Synodontidae Synodus indicus
POC39001,64429,Tetraodontidae,Lagocephalus,lunaris,1,Tetraodontidae Lagocephalus lunaris
POC39002,27276,Lutjanidae,Pristipomoides,multidens,1,Lutjanidae Pristipomoides multidens
POC39002,16860,Nemipteridae,Nemipterus,spp,3,Nemipteridae Nemipterus spp
POC39002,60469,Tetraodontidae,Lagocephalus,lunaris,1,Tetraodontidae Lagocephalus lunaris
POC39003,51918,Carangidae,Carangoides,chrysophrys,3,Carangidae Carangoides chrysophrys
POC39003,89908,Carcharhinidae,Carcharhinus,plumbeus,1,Carcharhinidae Carcharhinus plumbeus
POC39003,91971,Carcharhinidae,Carcharhinus,sorrah,2,Carcharhinidae Carcharhinus sorrah
POC39003,24648,Carcharhinidae,Loxodon,macrorhinus,1,Carcharhinidae Loxodon macrorhinus
POC39003,67638,Lutjanidae,Pristipomoides,multidens,3,Lutjanidae Pristipomoides multidens
POC39003,12953,Nemipteridae,Nemipterus,spp,3,Nemipteridae Nemipterus spp
POC39003,97827,Tetraodontidae,Lagocephalus,lunaris,2,Tetraodontidae Lagocephalus lunaris
POC39004,29485,Carangidae,Carangoides,chrysophrys,6,Carangidae Carangoides chrysophrys
POC39004,91865,Carcharhinidae,Carcharhinus,sorrah,1,Carcharhinidae Carcharhinus sorrah
POC39004,39032,Carcharhinidae,Loxodon,macrorhinus,1,Carcharhinidae Loxodon macrorhinus
POC39004,91905,Echeneidae,Echeneis,naucrates,1,Echeneidae Echeneis naucrates
POC39004,59800,Lutjanidae,Pristipomoides,multidens,4,Lutjanidae Pristipomoides multidens
POC39004,16385,Nemipteridae,Nemipterus,spp,4,Nemipteridae Nemipterus spp
POC39004,19170,Serranidae,Epinephelus,areolatus,2,Serranidae Epinephelus areolatus
POC39004,34444,Tetraodontidae,Lagocephalus,lunaris,1,Tetraodontidae Lagocephalus lunaris
POC39005,79601,Carangidae,Carangoides,chrysophrys,1,Carangidae Carangoides chrysophrys
POC39005,47320,Carcharhinidae,Carcharhinus,sorrah,1,Carcharhinidae Carcharhinus sorrah
POC39005,47320,Echeneidae,Echeneis,naucrates,1,Echeneidae Echeneis naucrates
POC39005,63823,Lutjanidae,Pristipomoides,multidens,4,Lutjanidae Pristipomoides multidens
POC39005,12912,Nemipteridae,Nemipterus,spp,2,Nemipteridae Nemipterus spp
POC39005,34279,Serranidae,Epinephelus,areolatus,1,Serranidae Epinephelus areolatus
POC39005,88772,Tetraodontidae,Lagocephalus,lunaris,2,Tetraodontidae Lagocephalus lunaris
